{"camera":{"ren3d":[0.4987460970878601,0.0018717660568654537,0.8667460083961487,0,-0.2071281522512436,0.9712816476821899,0.11708889156579971,0,-0.8416354656219482,-0.23792511224746704,0.4848107397556305,0,0,0,-140,1],"sliceX":[1,0,0,0,0,1,0,0,0,0,1,0,0,0,2.84375,1],"sliceY":[1,0,0,0,0,1,0,0,0,0,1,0,0,0,3.317460298538208,1],"sliceZ":[1,0,0,0,0,1,0,0,0,0,1,0,0,0,2.1666667461395264,1]},"volume":{"transform":[1, 0, 0, 0, 0, 1, 0, 0, 0, 0, 1, 0, 0,0,0,1],"file":["Patient Output Volume.nrrd"],"indexX":17,"indexY":47.5,"indexZ":31,"lowerThreshold":0,"upperThreshold":3012,"opacity":0.2,"windowLow":0,"windowHigh":3012,"minColor":[0,0,0],"maxColor":[1,1,1],"volumeRendering":false}}